,City,Cloudiness,Country,Date,Humidity,Lat,Lng,Max Temperature,Wind Speed
0,rikitea,41,PF,1578870368,80,-23.12,-134.97,76.28,16.44
1,hakkari,100,TR,1578870737,96,37.58,44.17,16.39,4.29
2,grindavik,90,IS,1578870488,92,63.84,-22.43,28.4,39.15
3,ushuaia,75,AR,1578870738,62,-54.8,-68.3,55.4,16.11
4,bosaso,80,SO,1578870738,69,11.28,49.18,78.19,27.69
5,hermanus,0,ZA,1578870738,90,-34.42,19.23,70.0,8.01
6,pendleton,75,US,1578870479,86,45.67,-118.79,50.0,26.4
7,toguchin,100,RU,1578870738,91,55.24,84.39,12.15,8.43
8,vaini,75,TO,1578870738,79,-21.2,-175.2,84.2,11.41
9,bredasdorp,16,ZA,1578870738,90,-34.53,20.04,66.99,8.01
10,severo-kurilsk,100,RU,1578870739,98,50.68,156.12,27.77,20.92
11,kaeo,89,NZ,1578870249,45,-35.1,173.78,86.0,5.01
12,norman wells,20,CA,1578870470,82,65.28,-126.83,-18.4,5.82
13,qaanaaq,0,GL,1578870739,51,77.48,-69.36,-12.75,1.43
14,atuona,0,PF,1578870473,78,-9.8,-139.03,80.73,17.22
15,thompson,90,CA,1578870739,77,55.74,-97.86,-0.4,3.36
16,longyearbyen,20,SJ,1578870450,64,78.22,15.64,-4.0,8.05
17,sorong,100,ID,1578870739,95,-0.88,131.25,75.87,2.8
18,cape town,20,ZA,1578870460,83,-33.93,18.42,70.0,12.75
19,zarand,0,IR,1578870739,73,30.81,56.56,26.51,3.27
20,ribeira grande,12,PT,1578870740,77,38.52,-28.7,54.57,21.92
21,kodiak,90,US,1578870740,74,57.79,-152.41,39.99,17.22
22,isangel,75,VU,1578870740,74,-19.55,169.27,84.2,9.17
23,pangnirtung,92,CA,1578870709,96,66.15,-65.71,-32.31,2.01
24,sao joao da barra,83,BR,1578870594,86,-21.64,-41.05,78.3,1.63
25,vanino,84,RU,1578870740,75,49.09,140.25,6.58,6.58
26,port alfred,10,ZA,1578870741,94,-33.59,26.89,72.0,6.13
27,victoria,40,HK,1578870474,63,22.29,114.16,62.6,9.17
28,portland,40,US,1578870260,75,45.52,-122.68,45.0,9.17
29,avarua,44,CK,1578870532,74,-21.21,-159.78,84.2,17.22
30,mataura,67,NZ,1578870741,66,-46.19,168.86,57.0,11.99
31,georgetown,20,MY,1578870689,88,5.41,100.34,78.8,2.24
32,albany,90,US,1578870742,74,42.6,-73.97,37.4,12.75
33,eyl,87,SO,1578870253,76,7.98,49.82,78.46,24.58
34,inhambane,11,MZ,1578870699,78,-23.86,35.38,80.44,11.52
35,hithadhoo,100,MV,1578870742,75,-0.6,73.08,81.79,12.64
36,souillac,40,MU,1578870742,78,-20.52,57.52,78.8,9.17
37,rawson,0,AR,1578870119,66,-43.3,-65.1,65.23,13.29
38,nanortalik,9,GL,1578870743,54,60.14,-45.24,16.12,25.61
39,caravelas,0,BR,1578870743,86,-17.71,-39.25,79.63,14.32
40,malanville,0,BJ,1578870743,26,11.87,3.39,80.02,9.19
41,videbaek,34,DK,1578870743,93,56.09,8.63,44.01,9.17
42,rio grande,0,BR,1578870744,51,-32.03,-52.1,84.2,11.41
43,goirle,90,NL,1578870744,87,51.52,5.05,46.99,9.17
44,gobabis,72,NA,1578870744,80,-22.45,18.97,68.05,5.01
45,skerries,75,IE,1578870744,80,53.58,-6.11,41.0,9.17
46,kruisfontein,17,ZA,1578870744,97,-34.0,24.73,64.02,1.48
47,san quintin,100,MX,1578870744,74,30.48,-115.95,58.66,13.38
48,pundaguitan,100,PH,1578870744,75,6.37,126.17,80.74,11.81
49,upernavik,27,GL,1578870745,66,72.79,-56.15,-10.93,6.87
50,los llanos de aridane,75,ES,1578870596,68,28.66,-17.92,64.4,8.05
51,omboue,54,GA,1578870471,93,-1.57,9.26,75.06,2.66
52,busselton,43,AU,1578870483,38,-33.65,115.33,70.0,12.48
53,yellowknife,20,CA,1578870644,65,62.46,-114.35,-34.01,4.7
54,kharp,100,RU,1578870745,98,66.8,65.81,-0.22,9.01
55,vakhrushi,100,RU,1578870745,94,58.68,50.03,28.13,14.52
56,saint george,1,US,1578870493,31,37.1,-113.58,50.0,6.93
57,cidreira,0,BR,1578870745,70,-30.18,-50.21,76.59,8.99
58,comodoro rivadavia,0,AR,1578870745,38,-45.87,-67.5,73.4,13.87
59,franklin,90,US,1578870746,86,39.97,-83.02,42.01,4.07
60,punta arenas,75,CL,1578870746,59,-53.15,-70.92,62.6,23.04
61,muros,75,ES,1578870466,100,42.78,-9.06,52.0,3.36
62,abu dhabi,20,AE,1578870464,55,24.47,54.37,62.6,6.93
63,barrow,1,US,1578870746,69,71.29,-156.79,-9.4,11.41
64,kamenka,66,RU,1578870269,96,51.32,42.77,25.0,7.0
65,vammala,90,FI,1578870746,92,61.33,22.9,34.0,10.29
66,nishihara,100,JP,1578870746,51,26.18,127.76,62.6,10.29
67,zaozerne,0,UA,1578870747,62,45.16,33.28,38.41,0.78
68,shubarkuduk,0,KZ,1578870747,93,49.14,56.49,4.96,4.03
69,balkanabat,99,TM,1578870627,58,39.51,54.37,37.09,8.61
70,kapaa,1,US,1578870747,78,22.08,-159.32,78.8,16.11
71,tancheng,62,CN,1578870747,84,27.44,115.5,41.61,1.3
72,sault sainte marie,1,CA,1578870616,56,46.52,-84.33,12.2,4.7
73,keflavik,90,IS,1578870748,92,64.0,-22.56,28.4,34.45
74,artyom,75,AZ,1578870748,93,40.47,50.33,42.8,6.93
75,hervey bay,90,AU,1578870749,78,-25.3,152.85,79.0,13.87
76,hilo,90,US,1578870749,65,19.73,-155.09,82.4,3.36
77,vanimo,100,PG,1578870588,78,-2.67,141.3,82.67,13.35
78,dolores,17,AR,1578870749,54,-36.31,-57.68,60.37,9.55
79,bengkulu,100,ID,1578870749,84,-3.8,102.27,74.55,3.71
80,mehamn,90,NO,1578870266,79,71.04,27.85,28.4,14.99
81,port elizabeth,75,ZA,1578870749,94,-33.92,25.57,71.6,6.93
82,aksu,100,CN,1578870749,64,41.12,80.26,24.6,0.87
83,raudeberg,40,NO,1578870282,86,61.99,5.14,41.0,26.4
84,vostok,100,RU,1578870279,96,46.49,135.88,-4.02,3.11
85,lorengau,92,PG,1578870226,79,-2.02,147.27,84.27,17.96
86,hobart,0,AU,1578870608,32,-42.88,147.33,79.0,11.41
87,klaksvik,99,FO,1578870594,75,62.23,-6.59,33.8,12.75
88,bambanglipuro,100,ID,1578870220,86,-7.95,110.28,76.64,5.23
89,oum hadjer,2,TD,1578870750,15,13.3,19.7,66.07,6.82
90,kuzhithurai,20,IN,1578870750,94,8.32,77.18,75.2,4.7
91,ostrovnoy,100,RU,1578870265,91,68.05,39.51,27.16,17.29
92,katsuura,20,JP,1578870556,81,35.13,140.3,44.6,6.93
93,lebu,1,CL,1578870751,86,-37.62,-73.65,58.78,8.99
94,luganville,90,VU,1578870615,88,-15.53,167.17,82.4,11.41
95,bontang,100,ID,1578870752,84,0.13,117.5,77.65,3.02
96,ostroleka,20,PL,1578870753,80,53.09,21.58,37.99,10.29
97,requena,0,ES,1578870753,93,39.49,-1.1,43.0,4.7
98,san cristobal,40,VE,1578870192,61,7.77,-72.22,82.4,10.29
99,chico,75,US,1578870753,62,39.73,-121.84,55.0,24.16
100,nova venecia,7,BR,1578870753,83,-18.71,-40.4,74.95,4.54
101,tessalit,0,ML,1578870753,35,20.2,1.01,52.9,17.36
102,plaster rock,90,CA,1578870753,78,46.91,-67.39,15.8,13.87
103,mae hong son,14,TH,1578870753,67,19.3,97.97,52.3,2.57
104,port macquarie,96,AU,1578870229,56,-31.43,152.92,82.0,3.36
105,ambon,40,ID,1578870571,100,-3.7,128.18,75.2,4.7
106,lavrentiya,100,RU,1578870754,95,65.58,-171.0,16.93,7.78
107,oriximina,80,BR,1578870754,72,-1.77,-55.87,79.57,5.79
108,luderitz,15,NA,1578870754,83,-26.65,15.16,65.32,28.3
109,hovd,45,MN,1578870754,88,48.01,91.64,-10.12,1.52
110,saldanha,0,ZA,1578870617,88,-33.01,17.94,66.09,12.26
111,pedernales,40,DO,1578870754,69,18.04,-71.74,82.4,18.34
112,agirish,100,RU,1578870754,93,61.92,63.02,14.54,13.04
113,nerchinsk,3,RU,1578870755,86,51.98,116.58,-15.66,1.1
114,dalvik,100,IS,1578870228,58,65.97,-18.53,26.6,11.41
115,kondinskoye,95,RU,1578870755,94,59.65,67.41,10.17,12.46
116,cabo san lucas,90,MX,1578870753,64,22.89,-109.91,75.2,3.36
117,beira,46,MZ,1578870603,74,-19.84,34.84,84.04,8.55
118,waipawa,100,NZ,1578870609,93,-41.41,175.52,59.0,16.11
119,aklavik,5,CA,1578870755,76,68.22,-135.01,-11.2,6.93
120,chokurdakh,98,RU,1578870755,97,70.63,147.92,-26.73,1.66
121,dzaoudzi,20,YT,1578870755,94,-12.79,45.27,78.8,3.36
122,edeia,40,BR,1578870756,85,-17.34,-49.93,75.85,2.51
123,lompoc,1,US,1578870756,66,34.64,-120.46,64.0,25.28
124,srivardhan,2,IN,1578870757,83,18.03,73.02,71.22,5.55
125,pedasi,4,PA,1578870757,81,7.53,-80.03,82.09,19.06
126,nong bua,39,TH,1578870757,47,15.86,100.59,75.16,6.02
127,new norfolk,0,AU,1578870757,32,-42.78,147.06,79.0,11.41
128,sao filipe,68,CV,1578870758,74,14.9,-24.5,69.96,16.17
129,khatanga,93,RU,1578870758,92,71.97,102.5,-12.53,11.21
130,bluff,50,NZ,1578870758,66,-46.6,168.33,57.0,11.99
131,arraial do cabo,100,BR,1578870749,83,-22.97,-42.03,82.4,13.87
132,ketou,24,BJ,1578870758,78,7.36,2.6,79.02,6.55
133,bethel,1,US,1578870758,72,41.37,-73.41,62.6,20.8
134,bambous virieux,40,MU,1578870758,78,-20.34,57.76,78.8,9.17
135,alice springs,95,AU,1578870265,14,-23.7,133.88,84.2,8.05
136,jamestown,90,US,1578870565,86,42.1,-79.24,32.0,4.7
137,mar del plata,0,AR,1578870754,68,-38.0,-57.56,64.99,10.29
138,savalou,31,BJ,1578870759,68,7.93,1.98,81.14,7.94
139,suna,100,RU,1578870759,92,57.83,50.06,26.26,18.21
140,yarada,40,IN,1578870759,93,17.65,83.27,64.4,2.24
141,bandarbeyla,73,SO,1578870759,80,9.49,50.81,77.52,27.25
142,ancud,38,CL,1578870759,56,-41.87,-73.82,71.6,5.82
143,sabang,37,ID,1578870759,70,5.89,95.32,81.64,5.88
144,takaka,66,NZ,1578870252,72,-40.85,172.8,78.01,3.0
145,east london,3,ZA,1578870759,87,-33.02,27.91,74.16,8.84
146,chicama,20,PE,1578870760,83,-7.84,-79.15,71.6,11.41
147,saint anthony,90,US,1578870760,78,45.02,-93.22,19.99,10.29
148,andilamena,87,MG,1578870760,95,-17.02,48.58,63.99,2.19
149,prince rupert,1,CA,1578870760,66,54.32,-130.32,15.8,9.17
150,margate,32,GB,1578870065,93,51.38,1.39,46.4,6.93
151,tasiilaq,100,GL,1578870760,49,65.61,-37.64,24.8,16.11
152,puerto ayora,9,EC,1578870760,58,-0.74,-90.35,84.2,18.34
153,saint-philippe,75,RE,1578870760,78,-21.36,55.77,77.0,5.82
154,chuy,0,UY,1578870761,64,-33.7,-53.46,65.77,8.23
155,cove,0,BJ,1578870761,89,7.22,2.34,76.78,3.67
156,ponta do sol,40,PT,1578870761,67,32.67,-17.1,62.6,5.82
157,meulaboh,15,ID,1578870761,81,4.14,96.13,80.06,8.88
158,la ronge,90,CA,1578870761,77,55.1,-105.28,1.4,5.82
159,pocone,95,BR,1578870762,88,-16.26,-56.62,78.82,0.81
160,cherskiy,100,RU,1578870762,98,68.75,161.3,-9.27,9.01
161,hasaki,75,JP,1578870763,100,35.73,140.83,39.0,3.36
162,juegang,80,CN,1578870765,90,32.32,121.19,36.0,1.9
163,padang,99,ID,1578870765,89,-0.95,100.35,68.36,3.38
164,aranos,23,NA,1578870765,48,-24.13,19.12,78.48,7.81
165,yangjiang,49,CN,1578870157,55,21.85,111.97,58.06,5.01
166,kaitangata,43,NZ,1578870765,65,-46.28,169.85,55.0,13.0
167,point pleasant,1,US,1578870765,50,40.08,-74.07,60.8,6.93
168,naze,75,JP,1578870236,58,28.37,129.48,60.8,14.99
169,kolpashevo,99,RU,1578870766,95,58.31,82.91,6.93,6.17
170,hofn,21,IS,1578870766,65,64.25,-15.21,38.71,29.64
171,moramanga,77,MG,1578870766,95,-18.93,48.2,64.99,0.94
172,lagoa,30,PT,1578870766,73,39.05,-27.98,58.96,30.15
173,aljezur,8,PT,1578870766,60,37.32,-8.8,53.01,6.38
174,iqaluit,75,CA,1578870644,63,63.75,-68.51,-11.0,8.05
175,camacha,40,PT,1578870766,72,33.08,-16.33,62.6,6.93
176,standerton,92,ZA,1578870767,95,-26.93,29.24,63.0,6.85
177,maputo,20,MZ,1578870674,78,-25.97,32.59,80.6,3.36
178,huoqiu,83,CN,1578870767,82,32.34,116.27,38.93,3.47
179,parsabad,100,IR,1578870767,93,39.65,47.92,39.2,2.24
180,okato,100,NZ,1578870767,88,-39.2,173.88,60.01,8.99
181,kisaran,75,ID,1578870767,93,2.98,99.62,71.55,1.74
182,shimoda,0,JP,1578870767,64,34.67,138.95,45.0,5.01
183,ilulissat,100,GL,1578870767,40,69.22,-51.1,-0.4,5.82
184,nome,90,US,1578870768,92,64.5,-165.41,17.01,14.99
185,oran,20,DZ,1578870722,93,35.69,-0.64,42.8,2.24
186,quatre cocos,40,MU,1578870768,78,-20.21,57.76,78.8,9.17
187,dikson,100,RU,1578870768,96,73.51,80.55,-11.6,15.41
188,ambilobe,100,MG,1578870768,92,-13.2,49.05,74.5,6.42
189,toropets,100,RU,1578870768,94,56.5,31.64,37.42,12.17
190,kamaishi,75,JP,1578870768,100,39.27,141.88,30.2,4.7
191,bathsheba,75,BB,1578870768,69,13.22,-59.52,78.8,23.04
192,castro,100,BR,1578870768,95,-24.79,-50.01,67.93,8.61
193,leningradskiy,97,RU,1578870768,97,69.38,178.42,-4.36,9.71
194,puerto penasco,20,MX,1578870739,55,31.32,-113.53,61.0,3.0
195,tokmak,38,UA,1578870769,78,47.25,35.71,29.8,4.7
196,deulgaon raja,0,IN,1578870769,44,20.02,76.03,59.77,3.67
197,hede,98,CN,1578870637,58,33.77,120.25,38.82,2.82
198,bereda,90,ES,1578870770,81,43.27,-7.54,52.0,6.93
199,salisbury,20,GB,1578870770,93,51.07,-1.8,46.0,1.12
200,muncar,100,ID,1578870770,76,-8.43,114.33,81.23,9.86
201,priargunsk,0,RU,1578870770,95,50.37,119.1,-18.85,2.13
202,tuktoyaktuk,5,CA,1578870770,75,69.45,-133.04,-14.8,8.05
203,kavieng,100,PG,1578870770,77,-2.57,150.8,83.89,13.13
204,kota belud,75,MY,1578870771,94,6.35,116.43,75.2,3.36
205,karpogory,100,RU,1578870771,95,64.0,44.45,32.09,12.48
206,timmins,20,CA,1578870572,70,48.47,-81.33,-0.4,5.82
207,bad mergentheim,90,DE,1578870771,93,49.49,9.77,39.0,8.05
208,russell,90,US,1578870771,82,32.35,-85.2,68.0,2.53
209,carnarvon,40,AU,1578870771,65,-24.87,113.63,77.0,13.87
210,olga,0,RU,1578870771,60,43.74,135.29,18.54,15.32
211,fukue,75,JP,1578870586,61,32.69,128.84,46.4,14.99
212,ucluelet,20,CA,1578870577,64,48.93,-125.55,37.4,27.51
213,shakhovskaya,100,RU,1578870772,97,56.03,35.51,35.71,14.36
214,mangan,0,IN,1578870772,29,27.52,88.53,37.63,4.09
215,ginda,92,IN,1578870772,47,30.69,78.49,47.23,4.36
216,olafsvik,100,IS,1578870259,74,64.89,-23.71,27.9,37.29
217,port lincoln,0,AU,1578870727,31,-34.73,135.87,82.69,7.78
218,sabla,30,NG,1578870773,27,12.75,4.71,78.37,6.73
219,tazovskiy,17,RU,1578870773,93,67.47,78.7,-13.63,10.42
220,matara,39,LK,1578870773,93,5.95,80.54,71.24,2.89
221,faanui,100,PF,1578870774,80,-16.48,-151.75,80.53,17.81
222,san jose,1,US,1578870120,58,37.34,-121.89,55.99,6.93
223,faya,0,SA,1578870591,48,18.39,42.45,42.8,5.37
224,saskylakh,100,RU,1578870774,94,71.92,114.08,3.22,12.64
225,egvekinot,100,RU,1578870774,95,66.32,-179.17,13.78,9.62
226,bjerkvik,90,NO,1578870774,80,68.56,17.52,35.6,12.75
227,ust-omchug,73,RU,1578870217,99,61.15,149.63,-30.41,2.68
228,tiksi,100,RU,1578870775,87,71.69,128.87,-9.71,10.49
229,fairlie,75,GB,1578870775,81,55.76,-4.86,43.0,14.99
230,codrington,0,AU,1578870775,62,-38.27,141.97,62.56,2.57
231,virginia beach,40,US,1578870694,82,36.85,-75.98,69.8,5.57
232,aksarka,94,RU,1578870775,93,66.56,67.8,8.15,18.5
233,kasane,100,BW,1578870775,91,-17.82,25.15,68.65,3.96
234,pathein,0,MM,1578870507,86,16.78,94.73,67.8,4.97
235,gushikawa,81,JP,1578870611,51,26.35,127.87,62.6,10.29
236,nikolskoye,90,RU,1578870775,93,59.7,30.79,41.0,8.95
237,west richland,40,US,1578870776,61,46.3,-119.36,48.2,24.16
238,namatanai,100,PG,1578870280,74,-3.67,152.43,84.06,6.96
239,mathathane,64,BW,1578870776,56,-22.27,28.75,76.5,6.96
240,goderich,100,CA,1578870703,89,43.75,-81.72,30.99,1.01
241,orsha,100,BY,1578870776,92,54.52,30.41,33.96,15.01
242,kenai,90,US,1578870776,85,60.55,-151.26,15.01,14.99
243,pontal do parana,90,BR,1578870609,78,-25.65,-48.51,78.8,11.41
244,kaura namoda,13,NG,1578870776,26,12.59,6.58,75.06,8.86
245,byron bay,75,AU,1578870051,69,-28.65,153.62,75.99,13.87
246,myitkyina,0,MM,1578870776,76,25.38,97.4,49.01,3.76
247,taltal,0,CL,1578870777,84,-25.4,-70.48,62.2,3.76
248,turmalina,0,BR,1578870777,68,-17.29,-42.73,67.98,4.32
249,alamogordo,1,US,1578870758,17,32.9,-105.96,55.4,8.05
250,indramayu,98,ID,1578870777,80,-6.33,108.32,79.05,5.99
251,henties bay,39,NA,1578870479,84,-22.12,14.28,68.0,1.99
252,zhezkazgan,81,KZ,1578870631,72,47.8,67.71,7.5,2.59
253,denpasar,75,ID,1578870777,94,-8.65,115.22,78.8,16.11
254,ostersund,80,SE,1578870603,63,63.18,14.64,30.2,8.05
255,broome,90,US,1578870499,77,42.25,-75.83,35.01,6.46
256,pare,100,ID,1578870778,79,-7.77,112.2,77.2,0.43
257,nouadhibou,2,MR,1578870250,67,20.93,-17.03,62.6,13.87
258,roebourne,86,AU,1578870778,40,-20.78,117.13,95.27,18.9
259,airai,100,TL,1578870778,59,-8.93,125.41,77.09,1.74
260,almeirim,70,BR,1578870240,88,-1.52,-52.58,75.07,3.15
261,umm lajj,0,SA,1578870639,34,25.02,37.27,53.44,2.93
262,ketchikan,1,US,1578870560,40,55.34,-131.65,19.4,12.75
263,bustamante,74,MX,1578870779,41,26.53,-100.5,63.21,7.76
264,jalu,35,LY,1578870276,48,29.03,21.55,51.71,5.75
265,kant,0,IN,1578870779,66,27.8,79.8,50.97,1.03
266,sechura,11,PE,1578870260,85,-5.56,-80.82,71.38,13.04
267,mahebourg,40,MU,1578870482,78,-20.41,57.7,80.6,4.7
268,aban,73,RU,1578870779,85,56.67,96.06,2.41,7.7
269,changying,15,CN,1578870780,89,52.87,123.32,-9.63,4.18
270,nanlong,100,CN,1578870780,79,31.35,106.06,43.43,3.27
271,soyo,15,AO,1578870781,84,-6.13,12.37,78.42,5.53
272,college,40,US,1578870781,60,64.86,-147.8,1.4,2.98
273,vyartsilya,38,RU,1578870781,86,62.18,30.69,30.52,8.75
274,solvychegodsk,100,RU,1578870782,98,61.33,46.92,33.42,7.76
275,camopi,7,GF,1578870783,98,3.17,-52.32,71.78,2.82
276,chifeng,1,CN,1578870783,44,42.27,118.96,6.39,4.59
277,miri,75,MY,1578870555,100,4.41,114.01,75.2,1.12
278,oktyabrskiy,100,RU,1578870556,88,54.48,53.47,20.55,20.69
279,domoni,18,KM,1578870783,69,-12.26,44.53,83.57,5.23
280,manokwari,100,ID,1578870245,84,-0.87,134.08,76.53,5.66
281,podgornoye,58,RU,1578870784,79,51.73,39.15,24.8,11.18
282,shache,50,CN,1578870784,71,38.42,77.24,19.13,3.4
283,vetovo,0,BG,1578870784,87,43.7,26.27,33.37,3.36
284,conde,40,BR,1578870559,74,-7.26,-34.91,80.6,9.17
285,ahipara,88,NZ,1578870281,60,-35.17,173.17,86.0,7.94
286,paita,0,PE,1578870784,100,-5.09,-81.11,62.6,11.41
287,lufilufi,90,WS,1578870784,70,-13.87,-171.6,89.6,8.05
288,pierre,1,US,1578870442,73,44.37,-100.35,21.0,8.05
289,karratha,97,AU,1578870246,71,-20.74,116.85,88.66,18.16
290,baruun-urt,0,MN,1578870785,81,46.68,113.28,-8.52,7.36
291,hun,100,LY,1578870785,80,29.13,15.95,51.26,8.79
292,vao,70,NC,1578870240,80,-22.67,167.48,78.26,18.52
293,banda aceh,41,ID,1578870522,87,5.56,95.32,71.4,2.93
294,belaya gora,100,RU,1578870785,93,68.53,146.42,-21.08,4.03
295,praya,68,CV,1578870223,68,14.92,-23.51,71.6,17.22
296,marsh harbour,12,BS,1578870785,77,26.54,-77.06,74.34,13.69
297,rizhao,22,CN,1578870785,71,35.43,119.46,30.49,3.51
298,srednekolymsk,100,RU,1578870242,98,67.45,153.68,-13.36,7.76
299,saint-joseph,20,RE,1578870227,83,-21.37,55.62,77.0,4.7
300,aswan,0,EG,1578870620,63,24.09,32.91,55.11,8.5
301,daru,99,PG,1578870252,94,-9.08,143.21,75.54,0.81
302,buraydah,45,SA,1578870786,41,26.33,43.98,41.0,6.82
303,flin flon,90,CA,1578870225,77,54.77,-101.86,5.0,3.36
304,san patricio,20,MX,1578870786,70,19.22,-104.7,87.8,11.41
305,glamoc,0,BA,1578870786,70,44.05,16.85,23.05,2.04
306,mount gambier,0,AU,1578870787,72,-37.83,140.77,60.8,8.05
307,lerwick,100,GB,1578870645,80,60.15,-1.15,41.0,29.97
308,araouane,0,ML,1578870278,31,18.9,-3.53,56.28,13.27
309,jabinyanah,40,TN,1578870787,87,35.03,10.91,51.8,12.75
310,ajdabiya,60,LY,1578870787,55,30.76,20.23,58.55,14.85
311,provideniya,90,RU,1578870787,80,64.38,-173.3,30.2,26.84
312,chandler,1,US,1578870642,29,33.31,-111.84,66.0,2.57
313,esperance,90,AU,1578870787,77,-33.87,121.9,64.4,13.87
314,san rafael del sur,20,NI,1578870787,52,11.85,-86.44,89.6,25.28
315,kirkwall,88,GB,1578870788,80,58.98,-2.96,39.2,20.8
316,dana point,1,US,1578870539,59,33.47,-117.7,64.99,6.93
317,kalamazoo,90,US,1578870765,84,42.25,-85.55,32.0,6.93
318,palana,84,RU,1578870527,73,59.12,159.97,11.12,5.97
319,bukachacha,0,RU,1578870788,89,52.98,116.92,-11.81,2.53
320,cameta,100,BR,1578870788,97,-2.24,-49.5,73.63,2.3
321,jiblah,47,YE,1578870788,92,13.92,44.15,56.25,3.36
322,olhao,0,PT,1578870788,81,37.03,-7.84,53.01,4.7
323,hamilton,90,US,1578870788,80,39.18,-84.53,42.01,2.62
324,te anau,1,NZ,1578870789,56,-45.42,167.72,51.64,3.09
325,dossor,63,KZ,1578870789,94,47.53,52.98,26.1,9.17
326,umm kaddadah,0,SD,1578870279,27,13.6,26.69,56.79,13.24
327,forio,0,IT,1578870789,65,40.73,13.86,53.01,5.82
328,riyadh,0,SA,1578870789,49,24.69,46.72,44.6,2.24
329,butaritari,89,KI,1578870789,76,3.07,172.79,83.8,12.41
330,smithers,20,CA,1578870491,54,54.78,-127.17,-0.4,4.7
331,vila franca do campo,20,PT,1578870789,76,37.72,-25.43,51.8,4.7
332,haines junction,0,CA,1578870789,89,60.75,-137.51,-21.35,3.71
333,lata,94,PT,1578870790,93,40.16,-8.33,48.0,3.36
334,varca,0,IN,1578870790,78,15.22,73.92,75.2,4.7
335,anadyr,40,RU,1578870790,92,64.75,177.48,24.8,13.42
336,yumen,28,CN,1578870790,73,40.28,97.2,12.94,15.97
337,camocim,84,BR,1578870790,90,-2.9,-40.84,76.44,4.14
338,yara,1,CU,1578870790,68,20.28,-76.95,77.99,17.76
339,fairbanks,40,US,1578870495,60,64.84,-147.72,-25.6,0.38
340,vila velha,61,BR,1578870666,83,-20.33,-40.29,80.6,11.41
341,shush,97,IR,1578870790,49,32.19,48.24,50.45,5.99
342,burnie,37,AU,1578870533,63,-41.07,145.92,64.0,11.01
343,alofi,99,NU,1578870791,74,-19.06,-169.92,84.2,13.87
344,zaraza,36,VE,1578870791,79,9.35,-65.32,74.71,10.89
345,grodzisk mazowiecki,87,PL,1578870791,74,52.1,20.63,39.99,8.05
346,honiara,75,SB,1578870791,94,-9.43,159.95,82.4,5.03
347,puerto baquerizo moreno,40,EC,1578870269,74,-0.9,-89.6,80.6,16.11
348,vestmannaeyjar,83,IS,1578870791,70,63.44,-20.27,37.53,22.88
349,talnakh,40,RU,1578870791,83,69.49,88.4,-5.8,11.18
350,poum,98,NC,1578870791,78,-20.23,164.02,80.15,26.31
351,grand gaube,40,MU,1578870792,78,-20.01,57.66,78.8,9.17
352,champerico,20,GT,1578870585,46,14.3,-91.92,91.4,9.17
353,juneau,20,US,1578870792,31,58.3,-134.42,21.2,14.99
354,yar-sale,50,RU,1578870238,92,66.83,70.83,1.31,20.02
355,kavaratti,17,IN,1578870792,66,10.57,72.64,81.18,7.94
356,gao,88,ML,1578870239,13,16.64,1.64,64.71,16.2
357,dakar,44,SN,1578870544,52,14.69,-17.44,69.8,13.87
358,yerbogachen,51,RU,1578870622,96,61.28,108.01,-8.25,7.63
359,lensk,100,RU,1578870551,93,60.73,114.93,0.12,11.03
360,price,90,US,1578870792,85,39.6,-110.81,23.0,4.7
361,asahikawa,75,JP,1578870793,85,43.77,142.37,17.6,3.36
362,ulladulla,75,AU,1578870585,82,-35.35,150.47,73.99,13.87
363,belyy yar,79,RU,1578870793,83,53.6,91.39,-11.2,2.62
364,kahului,90,US,1578870776,100,20.89,-156.47,71.6,27.45
365,berlevag,90,NO,1578870237,79,70.86,29.09,26.6,14.99
366,salinopolis,97,BR,1578870277,77,-0.61,-47.36,82.17,14.54
367,visavadar,24,IN,1578870793,95,21.38,70.68,63.77,4.76
368,marathon,90,US,1578870793,67,44.9,-89.77,21.2,8.55
369,remanso,0,BR,1578870794,59,-9.62,-42.08,78.55,3.91
370,lixourion,66,GR,1578870794,79,38.2,20.43,55.87,18.57
371,novyy urgal,98,RU,1578870794,99,51.07,132.56,-15.59,0.29
372,liepaja,100,LV,1578870603,100,56.54,21.04,42.8,8.05
373,pacific grove,1,US,1578870111,58,36.62,-121.92,57.0,8.05
374,tuatapere,78,NZ,1578870795,66,-46.13,167.68,57.0,11.99
375,port-gentil,20,GA,1578870795,88,-0.72,8.78,80.6,3.36
376,kristinehamn,7,SE,1578870236,82,59.31,14.11,37.99,10.29
377,baguanos,40,CU,1578870795,69,20.75,-76.03,80.6,19.46
378,touros,7,BR,1578870531,83,-5.2,-35.46,78.8,6.93
379,kinloss,91,GB,1578870795,80,57.63,-3.57,39.99,21.92
380,surgut,75,RU,1578870593,92,61.25,73.42,14.0,8.95
381,clifton,1,US,1578870524,47,40.86,-74.16,62.6,16.11
382,batagay-alyta,59,RU,1578870795,72,67.8,130.41,-26.41,5.44
383,butembo,77,CD,1578870796,80,0.15,29.28,63.54,2.1
384,hurghada,57,EG,1578870796,54,27.26,33.81,57.2,9.17
385,harper,4,LR,1578870264,88,4.38,-7.72,77.47,2.75
386,blieskastel,90,DE,1578870796,93,49.24,7.26,42.01,9.17
387,marzuq,0,YE,1578870233,48,14.4,46.47,46.6,3.11
388,tigil,97,RU,1578870796,93,57.8,158.67,14.79,12.71
389,boyolangu,100,ID,1578870796,79,-8.12,111.89,77.09,0.65
390,kaka,0,TM,1578870796,68,37.35,59.61,32.63,6.93
391,luyang,24,CN,1578870796,95,27.62,110.1,38.59,2.28
392,pochutla,5,MX,1578870448,52,15.74,-96.47,89.6,10.8
393,koumac,84,NC,1578870516,52,-20.57,164.28,84.43,8.97
394,moindou,75,NC,1578870286,58,-21.69,165.68,84.2,5.82
395,neiafu,75,TO,1578870797,94,-18.65,-173.98,78.8,9.17
396,polis,75,CY,1578870797,87,35.04,32.43,50.0,1.12
397,tyup,100,KG,1578870797,59,42.73,78.36,20.93,3.56
398,araras,40,BR,1578870797,100,-22.36,-47.38,75.99,5.82
399,north bend,90,US,1578870185,76,43.41,-124.22,48.99,12.75
400,kathmandu,20,NP,1578870715,100,27.72,85.32,41.0,3.36
401,nizhnyaya omka,99,RU,1578870798,98,55.43,74.94,-1.35,7.7
402,alyangula,67,AU,1578870443,94,-13.85,136.42,80.6,4.7
403,dingle,89,PH,1578870240,86,11.0,122.67,75.69,6.91
404,oranjemund,30,NA,1578870243,96,-28.55,16.43,62.71,7.92
405,gillette,1,US,1578870798,58,44.29,-105.5,30.99,12.75
406,seminole,75,US,1578870798,88,28.71,-81.21,79.0,6.93
407,kulhudhuffushi,67,MV,1578870798,70,6.62,73.07,80.98,11.3
408,torbay,90,CA,1578870798,92,47.67,-52.73,21.0,4.7
409,general pico,0,AR,1578870645,39,-35.66,-63.76,83.43,10.85
410,constitucion,53,CL,1578870799,94,-35.33,-72.42,56.8,9.8
411,songkhla,20,TH,1578870799,94,6.83,100.67,75.2,1.16
412,andenes,61,NO,1578870799,100,69.31,16.12,35.01,9.17
413,gumdag,100,TM,1578870799,54,39.21,54.59,40.51,9.75
414,marsabit,34,KE,1578870278,53,2.33,37.99,79.02,15.43
415,vrangel,0,RU,1578870512,60,42.73,133.08,20.52,15.99
416,sjoholt,100,NO,1578870799,70,62.48,6.81,42.8,24.16
417,osakarovka,66,KZ,1578870800,91,50.56,72.57,-0.53,6.44
418,richards bay,100,ZA,1578870800,76,-28.78,32.04,79.47,0.49
419,maxixe,0,MZ,1578870800,78,-23.86,35.35,80.74,9.71
420,yayva,100,RU,1578870800,90,59.33,57.26,19.99,4.0
421,karaton,40,ID,1578870285,83,-6.34,106.1,80.01,4.7
422,praia da vitoria,20,PT,1578870675,81,38.73,-27.07,51.8,24.38
423,banyo,0,CM,1578870800,36,6.75,11.82,64.81,3.31
424,chirongui,20,YT,1578870801,94,-12.93,45.15,78.8,3.36
425,machali,0,CL,1578870801,25,-34.18,-70.67,87.8,9.17
426,lae,75,PG,1578870801,83,-6.72,146.98,78.8,3.36
427,maralal,92,KE,1578870801,70,1.1,36.7,67.6,2.13
428,oskemen,90,KZ,1578870801,92,49.96,82.61,23.0,4.47
429,santa rosa,75,PH,1578870802,88,14.31,121.11,77.0,2.24
430,kanniyakumari,1,IN,1578870802,75,8.08,77.57,78.15,17.72
431,sola,100,VU,1578870802,86,-13.88,167.55,80.98,14.58
432,gotsu,63,JP,1578870802,66,35.0,132.22,46.29,22.32
433,lewistown,90,US,1578870802,84,40.6,-77.57,48.0,6.93
434,castel san giovanni,56,IT,1578870802,86,45.06,9.43,39.99,3.36
435,pitimbu,40,BR,1578870802,74,-7.47,-34.81,80.6,9.17
436,chulman,100,RU,1578870803,99,56.85,124.91,-6.41,2.3
437,pevek,100,RU,1578870803,97,69.7,170.31,-1.71,6.13
438,goure,58,NE,1578870803,26,13.98,10.27,71.55,7.38
439,ullapool,80,GB,1578870803,68,57.9,-5.16,44.01,8.99
440,mezen,81,RU,1578870803,95,65.85,44.24,25.9,17.25
441,pilar,2,BR,1578870240,83,-9.6,-35.96,77.0,5.82
442,sisimiut,0,GL,1578870265,46,66.94,-53.67,-3.1,10.54
443,iberia,40,US,1578870606,63,29.95,-91.75,62.6,3.78
444,gazojak,28,TM,1578870803,70,41.19,61.4,29.1,1.72
445,fortuna,40,US,1578870804,100,40.6,-124.16,50.0,4.7
446,orotukan,100,RU,1578870804,96,62.27,151.7,-22.85,2.24
447,husavik,100,IS,1578870804,63,66.04,-17.34,26.6,17.22
448,alta floresta,92,BR,1578870804,97,-9.88,-56.09,72.1,4.63
449,chulym,100,RU,1578870271,97,55.1,80.96,3.74,7.63
450,mana,16,GF,1578870804,95,5.66,-53.78,72.39,2.86
451,axim,18,GH,1578870804,81,4.87,-2.24,78.98,3.49
452,la grande,90,US,1578870805,86,45.32,-118.09,48.0,9.17
453,orlik,36,RU,1578870805,84,52.52,99.83,-13.49,2.82
454,clyde river,90,CA,1578870274,75,70.47,-68.59,-14.8,17.22
455,nizhniy kuranakh,100,RU,1578870805,96,58.84,125.49,-1.34,7.52
456,batemans bay,4,AU,1578870623,54,-35.72,150.18,73.99,1.99
457,geraldton,0,AU,1578870806,82,-28.77,114.6,68.0,6.93
458,mulege,91,MX,1578870806,58,26.88,-111.98,63.28,10.94
459,keuruu,67,FI,1578870806,100,62.27,24.7,32.0,10.29
460,pangascasan,97,PH,1578870806,79,16.12,120.09,74.93,1.1
461,moses lake,75,US,1578870601,61,47.13,-119.28,46.4,12.75
462,ruyigi,76,BI,1578870806,96,-3.45,30.32,60.93,1.16
463,havre-saint-pierre,90,CA,1578870597,50,50.23,-63.6,6.8,5.82
464,kot samaba,100,PK,1578870807,81,28.55,70.47,50.81,4.05
465,baghdad,98,IQ,1578870528,56,33.34,44.4,46.4,3.36
466,port augusta,0,AU,1578870807,64,-32.5,137.77,82.0,0.96
467,sohag,11,EG,1578870807,61,26.56,31.69,50.0,5.82
468,abu samrah,74,SY,1578870807,87,35.3,37.18,47.55,9.53
469,tautira,90,PF,1578870708,62,-17.73,-149.15,86.0,9.17
470,segezha,65,RU,1578870807,80,63.74,34.32,29.01,14.12
471,saint-leu,20,RE,1578870221,83,-21.15,55.28,77.0,4.7
472,san juan,53,AR,1578870431,39,-31.54,-68.54,90.09,19.04
473,labuhan,100,ID,1578870808,88,-6.88,112.21,76.86,8.72
474,sarh,0,TD,1578870808,49,9.14,18.39,69.8,4.99
475,kieta,95,PG,1578870808,70,-6.22,155.63,83.88,3.47
476,tutoia,51,BR,1578870808,95,-2.76,-42.27,74.8,2.71
477,saint-georges,40,GD,1578870808,74,12.06,-61.75,80.6,17.22
478,carballo,90,ES,1578870808,81,43.21,-8.69,53.01,6.93
479,solnechnyy,99,RU,1578870809,96,50.72,136.63,-3.98,0.45
480,port-cartier,90,CA,1578870263,50,50.03,-66.87,7.0,6.93
481,kyzyl-suu,100,KG,1578870809,59,42.34,78.0,27.54,4.29
482,port blair,40,IN,1578870431,78,11.67,92.75,73.4,2.24
483,caohai,0,CN,1578870809,94,26.87,104.28,34.92,3.18
484,juba,0,SS,1578870809,15,4.85,31.58,72.99,3.31
485,along,0,IN,1578870809,69,28.17,94.77,43.7,4.54
486,sao jose da coroa grande,32,BR,1578870601,78,-8.9,-35.15,80.94,12.53
487,rocha,0,UY,1578870615,79,-34.48,-54.33,58.01,5.19
488,emba,3,KZ,1578870810,99,48.83,58.14,2.21,0.34
489,puerto escondido,5,MX,1578870026,79,15.85,-97.07,84.2,6.93
490,seagoville,1,US,1578870810,62,32.64,-96.54,55.4,5.82
491,majene,100,ID,1578870810,71,-3.54,118.97,81.07,5.68
492,dehloran,89,IR,1578870810,53,32.69,47.27,49.05,3.0
493,sobolevo,100,RU,1578870810,96,54.43,31.9,33.73,12.8
494,samarai,84,PG,1578870810,68,-10.62,150.67,84.31,1.03
495,mamou,0,GN,1578870810,34,10.5,-12.0,67.42,3.4
496,mayo,1,US,1578870811,66,38.89,-76.51,62.6,6.93
497,kuching,75,MY,1578870754,100,1.55,110.33,75.2,1.19
498,rosario do sul,16,BR,1578870811,33,-30.26,-54.91,81.84,9.64
499,evensk,67,RU,1578870811,76,61.95,159.23,-19.16,8.55
500,dwarka,42,IN,1578870811,80,22.24,68.97,72.64,25.7
501,benito juarez,40,MX,1578870811,17,19.39,-99.17,82.4,4.7
502,narsaq,0,GL,1578870812,31,60.92,-46.05,5.0,5.82
503,sao geraldo do araguaia,100,BR,1578870812,96,-6.4,-48.55,73.8,1.86
504,whitehorse,5,CA,1578870650,66,60.72,-135.05,-23.01,3.31
505,broken hill,0,AU,1578870812,27,-31.95,141.43,75.2,11.41
506,tecpatan,40,MX,1578870804,57,17.13,-93.3,78.8,21.92
507,lima,48,PE,1578870728,78,-12.04,-77.03,73.4,13.87
508,havre,75,FR,1578870812,87,49.58,0.33,42.8,6.93
509,kysyl-syr,98,RU,1578870635,98,63.9,122.76,-13.86,5.41
510,bilma,59,NE,1578870813,15,18.69,12.92,67.77,11.56
511,vesoul,90,FR,1578870813,93,47.58,5.83,41.0,4.7
512,zhangjiakou,34,CN,1578870813,82,40.81,114.88,-1.82,7.0
513,miguelopolis,40,BR,1578870813,74,-20.18,-48.03,78.8,9.17
514,mgandu,97,TZ,1578870813,90,-5.95,34.13,59.58,3.42
515,sol-iletsk,69,RU,1578870604,95,51.16,54.99,6.76,7.63
516,kidal,0,ML,1578870219,28,18.44,1.41,55.65,19.37
517,owando,39,CG,1578870814,65,-0.48,15.9,74.7,2.42
518,avera,90,US,1578870814,90,33.19,-82.53,64.99,1.79
519,kristiinankaupunki,3,FI,1578870814,80,62.27,21.38,34.39,8.75
520,namibe,79,AO,1578870814,79,-15.2,12.15,73.31,7.4
521,xining,100,CN,1578870814,75,36.62,101.77,5.36,4.38
522,marrakesh,0,MA,1578870784,57,31.63,-8.01,50.0,3.36
523,adrar,0,MR,1578870814,22,20.5,-10.07,56.61,12.28
524,lasa,5,IT,1578870815,20,46.62,10.7,33.01,6.93
525,shaoyang,7,CN,1578870815,93,27.23,111.45,38.59,2.21
526,acapulco,5,MX,1578870252,70,16.86,-99.89,86.0,9.17
527,emerald,75,AU,1578870815,65,-23.53,148.17,82.99,14.99
528,watsa,0,CD,1578870815,41,3.04,29.54,59.86,2.13
529,santa maria,79,BR,1578870554,55,-29.68,-53.81,86.0,5.82
530,sitka,1,US,1578870815,37,57.05,-135.33,21.2,3.36
531,sur,0,OM,1578870631,51,22.57,59.53,63.34,12.73
532,yeppoon,40,AU,1578870815,65,-23.13,150.73,82.4,10.29
533,pandan,46,PH,1578870277,71,14.05,124.17,79.39,9.75
534,uruzgan,85,AF,1578870816,94,32.83,66.0,25.39,0.72
535,mitu,52,CO,1578870816,76,1.2,-70.17,73.9,2.3
536,coatbridge,75,GB,1578870816,81,55.86,-4.02,42.8,14.99
537,dunedin,0,NZ,1578870816,54,-45.87,170.5,60.01,20.0
538,porto novo,20,BJ,1578870778,88,6.5,2.6,82.4,8.05
539,chapais,75,CA,1578870161,70,49.78,-74.85,-2.2,6.93
540,guerrero negro,100,MX,1578870816,60,27.98,-114.06,62.65,8.05
541,outlook,100,CA,1578870272,62,51.5,-107.05,-11.99,3.0
542,sinnamary,0,GF,1578870817,82,5.38,-52.95,78.44,18.57
543,lere,83,NG,1578870817,36,10.39,8.57,66.58,2.39
544,hornepayne,59,CA,1578870817,96,49.21,-84.77,-7.98,6.62
545,beringovskiy,100,RU,1578870574,85,63.05,179.32,22.12,4.9
546,yarmouth,1,US,1578870121,38,41.71,-70.23,59.0,11.41
547,ortakoy,75,TR,1578870817,86,38.74,34.04,37.4,3.36
548,cayenne,40,GF,1578870817,78,4.93,-52.33,80.6,6.93
549,luzino,75,RU,1578870818,78,54.95,73.04,12.2,6.71
550,coihaique,60,CL,1578870818,34,-45.58,-72.07,80.6,4.7
551,tambacounda,51,SN,1578870616,14,13.75,-13.76,76.62,7.87
552,otradnoye,90,RU,1578870818,93,59.78,30.82,41.0,8.95
553,trelew,0,AR,1578870159,45,-43.25,-65.31,68.38,17.83
554,melfort,90,CA,1578870818,92,52.87,-104.62,6.8,4.7
555,teya,94,RU,1578870818,93,60.38,92.63,0.99,6.29
556,sabinas,100,MX,1578870818,39,27.85,-101.12,60.96,4.12
557,iskateley,98,RU,1578870818,96,67.68,53.15,21.6,7.67
558,wattegama,0,LK,1578870223,93,6.8,81.48,68.0,5.03
559,rendsburg,75,DE,1578870819,100,54.3,9.67,45.0,10.29
560,umba,100,RU,1578870819,79,66.69,34.34,27.99,13.76
561,aasiaat,95,GL,1578870819,59,68.71,-52.87,-3.14,4.65
